subject,number,
AAAS,103,AAAS 103
AAAS,134,AAAS 134
AAAS,139,AAAS 139
AAAS,140,AAAS 140
AAAS,190,AAAS 190
AAAS,196,AAAS 196
AAAS,210,AAAS 210
AAAS,211,AAAS 211
AAAS,213,AAAS 213
AAAS,214,AAAS 214
AAAS,217,AAAS 217
AAAS,218,AAAS 218
AAAS,220,AAAS 220
AAAS,224,AAAS 224
AAAS,227,AAAS 227
AAAS,228,AAAS 228
AAAS,232,AAAS 232
AAAS,234,AAAS 234
AAAS,237,AAAS 237
AAAS,239,AAAS 239
AAAS,242,AAAS 242
AAAS,247,AAAS 247
AAAS,257,AAAS 257
AAAS,269,AAAS 269
AAAS,290,AAAS 290
AAAS,316,AAAS 316
AAAS,322,AAAS 322
AAAS,325,AAAS 325
AAAS,331,AAAS 331
AAAS,332,AAAS 332
AAAS,343,AAAS 343
AAAS,345,AAAS 345
AAAS,347,AAAS 347
AAAS,407,AAAS 407
AAAS,420,AAAS 420
AEROSCI,101,AEROSCI 101
AEROSCI,201,AEROSCI 201
AEROSCI,301,AEROSCI 301
AEROSCI,99,AEROSCI 99
AMES,111,AMES 111
AMES,114,AMES 114
AMES,120,AMES 120
AMES,123,AMES 123
AMES,127,AMES 127
AMES,142,AMES 142
AMES,145,AMES 145
AMES,151,AMES 151
AMES,157,AMES 157
AMES,167,AMES 167
AMES,195,AMES 195
AMES,204,AMES 204
AMES,205,AMES 205
AMES,207,AMES 207
AMES,208,AMES 208
AMES,210,AMES 210
AMES,218,AMES 218
AMES,220,AMES 220
AMES,233,AMES 233
AMES,244,AMES 244
AMES,247,AMES 247
AMES,275,AMES 275
AMES,286,AMES 286
AMES,288,AMES 288
AMES,301,AMES 301
AMES,318,AMES 318
AMES,322,AMES 322
AMES,335,AMES 335
AMES,360,AMES 360
AMES,372,AMES 372
AMES,373,AMES 373
AMES,410,AMES 410
AMES,432,AMES 432
AMES,435,AMES 435
AMES,437,AMES 437
AMES,498,AMES 498
AMI,198,AMI 198
AMI,218,AMI 218
AMI,224,AMI 224
AMI,246,AMI 246
AMI,253,AMI 253
AMI,269,AMI 269
AMI,271,AMI 271
AMI,274,AMI 274
AMI,277,AMI 277
AMI,281,AMI 281
AMI,315,AMI 315
AMI,331,AMI 331
AMI,337,AMI 337
AMI,338,AMI 338
AMI,343,AMI 343
AMI,352,AMI 352
AMI,356,AMI 356
AMI,366,AMI 366
AMI,410,AMI 410
AMI,416,AMI 416
AMI,89,AMI 89
ARABIC,101,ARABIC 101
ARABIC,203,ARABIC 203
ARABIC,295,ARABIC 295
ARABIC,305,ARABIC 305
ARABIC,407,ARABIC 407
ARTHIST,220,ARTHIST 220
ARTHIST,231,ARTHIST 231
ARTHIST,232,ARTHIST 232
ARTHIST,245,ARTHIST 245
ARTHIST,283,ARTHIST 283
ARTHIST,286,ARTHIST 286
ARTHIST,298,ARTHIST 298
ARTHIST,305,ARTHIST 305
ARTHIST,315,ARTHIST 315
ARTHIST,89,ARTHIST 89
ARTSVIS,115,ARTSVIS 115
ARTSVIS,119,ARTSVIS 119
ARTSVIS,120,ARTSVIS 120
ARTSVIS,130,ARTSVIS 130
ARTSVIS,198,ARTSVIS 198
ARTSVIS,199,ARTSVIS 199
ARTSVIS,204,ARTSVIS 204
ARTSVIS,205,ARTSVIS 205
ARTSVIS,206,ARTSVIS 206
ARTSVIS,210,ARTSVIS 210
ARTSVIS,212,ARTSVIS 212
ARTSVIS,212,ARTSVIS 212
ARTSVIS,226,ARTSVIS 226
ARTSVIS,233,ARTSVIS 233
ARTSVIS,240,ARTSVIS 240
ARTSVIS,245,ARTSVIS 245
ARTSVIS,281,ARTSVIS 281
ARTSVIS,303,ARTSVIS 303
ARTSVIS,305,ARTSVIS 305
ARTSVIS,320,ARTSVIS 320
ARTSVIS,326,ARTSVIS 326
ARTSVIS,356,ARTSVIS 356
ARTSVIS,497,ARTSVIS 497
BIOCHEM,301,BIOCHEM 301
BIOLOGY,148,BIOLOGY 148
BIOLOGY,153,BIOLOGY 153
BIOLOGY,157,BIOLOGY 157
BIOLOGY,158,BIOLOGY 158
BIOLOGY,180,BIOLOGY 180
BIOLOGY,201,BIOLOGY 201
BIOLOGY,202,BIOLOGY 202
BIOLOGY,209,BIOLOGY 209
BIOLOGY,212,BIOLOGY 212
BIOLOGY,213,BIOLOGY 213
BIOLOGY,220,BIOLOGY 220
BIOLOGY,223,BIOLOGY 223
BIOLOGY,224,BIOLOGY 224
BIOLOGY,228,BIOLOGY 228
BIOLOGY,262,BIOLOGY 262
BIOLOGY,267,BIOLOGY 267
BIOLOGY,268,BIOLOGY 268
BIOLOGY,325,BIOLOGY 325
BIOLOGY,329,BIOLOGY 329
BIOLOGY,361,BIOLOGY 361
BIOLOGY,412,BIOLOGY 412
BIOLOGY,417,BIOLOGY 417
BIOLOGY,418,BIOLOGY 418
BIOLOGY,420,BIOLOGY 420
BIOLOGY,422,BIOLOGY 422
BIOLOGY,427,BIOLOGY 427
BIOLOGY,429,BIOLOGY 429
BIOLOGY,89,BIOLOGY 89
BME,244,BME 244
BME,260,BME 260
BME,271,BME 271
BME,303,BME 303
BME,307,BME 307
BME,354,BME 354
BME,432,BME 432
BME,464,BME 464
BME,473,BME 473
BME,474,BME 474
CEE,301,CEE 301
CEE,311,CEE 311
CEE,421,CEE 421
CEE,423,CEE 423
CEE,461,CEE 461
CEE,463,CEE 463
CESC,201,CESC 201
CHEM,101,CHEM 101
CHEM,110,CHEM 110
CHEM,201,CHEM 201
CHEM,202,CHEM 202
CHEM,210,CHEM 210
CHEM,295,CHEM 295
CHEM,301,CHEM 301
CHEM,310,CHEM 310
CHEM,401,CHEM 401
CHEM,89,CHEM 89
CHEM,91,CHEM 91
CHEM,99,CHEM 99
CHILDPOL,250,CHILDPOL 250
CHINESE,101,CHINESE 101
CHINESE,105,CHINESE 105
CHINESE,131,CHINESE 131
CHINESE,203,CHINESE 203
CHINESE,305,CHINESE 305
CHINESE,331,CHINESE 331
CHINESE,332,CHINESE 332
CHINESE,333,CHINESE 333
CHINESE,407,CHINESE 407
CHINESE,435,CHINESE 435
CHINESE,455,CHINESE 455
CLST,144,CLST 144
CLST,170,CLST 170
CLST,206,CLST 206
CLST,240,CLST 240
CLST,271,CLST 271
CLST,275,CLST 275
CLST,283,CLST 283
CLST,304,CLST 304
CLST,308,CLST 308
CLST,89,CLST 89
COMPSCI,101,COMPSCI 101
COMPSCI,110,COMPSCI 110
COMPSCI,116,COMPSCI 116
COMPSCI,201,COMPSCI 201
COMPSCI,230,COMPSCI 230
COMPSCI,250,COMPSCI 250
COMPSCI,260,COMPSCI 260
COMPSCI,307,COMPSCI 307
COMPSCI,310,COMPSCI 310
COMPSCI,316,COMPSCI 316
COMPSCI,330,COMPSCI 330
COMPSCI,350,COMPSCI 350
COMPSCI,356,COMPSCI 356
COMPSCI,371,COMPSCI 371
COMPSCI,408,COMPSCI 408
COMPSCI,434,COMPSCI 434
COMPSCI,445,COMPSCI 445
COMPSCI,94,COMPSCI 94
CREOLE,101,CREOLE 101
CREOLE,203,CREOLE 203
CULANTH,101,CULANTH 101
CULANTH,105,CULANTH 105
CULANTH,106,CULANTH 106
CULANTH,113,CULANTH 113
CULANTH,148,CULANTH 148
CULANTH,195,CULANTH 195
CULANTH,196,CULANTH 196
CULANTH,201,CULANTH 201
CULANTH,203,CULANTH 203
CULANTH,209,CULANTH 209
CULANTH,212,CULANTH 212
CULANTH,214,CULANTH 214
CULANTH,215,CULANTH 215
CULANTH,219,CULANTH 219
CULANTH,234,CULANTH 234
CULANTH,245,CULANTH 245
CULANTH,258,CULANTH 258
CULANTH,269,CULANTH 269
CULANTH,278,CULANTH 278
CULANTH,295,CULANTH 295
CULANTH,302,CULANTH 302
CULANTH,305,CULANTH 305
CULANTH,306,CULANTH 306
CULANTH,341,CULANTH 341
CULANTH,342,CULANTH 342
CULANTH,350,CULANTH 350
CULANTH,360,CULANTH 360
CULANTH,366,CULANTH 366
CULANTH,389,CULANTH 389
CULANTH,399,CULANTH 399
CULANTH,423,CULANTH 423
CULANTH,424,CULANTH 424
CULANTH,473,CULANTH 473
CULANTH,498,CULANTH 498
CULANTH,89,CULANTH 89
DANCE,101,DANCE 101
DANCE,110,DANCE 110
DANCE,116,DANCE 116
DANCE,120,DANCE 120
DANCE,122,DANCE 122
DANCE,130,DANCE 130
DANCE,140,DANCE 140
DANCE,142,DANCE 142
DANCE,205,DANCE 205
DANCE,210,DANCE 210
DANCE,215,DANCE 215
DANCE,220,DANCE 220
DANCE,230,DANCE 230
DANCE,240,DANCE 240
DANCE,255,DANCE 255
DANCE,306,DANCE 306
DANCE,310,DANCE 310
DANCE,320,DANCE 320
DANCE,335,DANCE 335
DANCE,368,DANCE 368
DANCE,377,DANCE 377
DANCE,379,DANCE 379
DANCE,410,DANCE 410
DANCE,420,DANCE 420
DANCE,487,DANCE 487
DANCE,89,DANCE 89
DECSCI,101,DECSCI 101
DOCST,101,DOCST 101
DOCST,105,DOCST 105
DOCST,107,DOCST 107
DOCST,110,DOCST 110
DOCST,115,DOCST 115
DOCST,119,DOCST 119
DOCST,135,DOCST 135
DOCST,204,DOCST 204
DOCST,206,DOCST 206
DOCST,209,DOCST 209
DOCST,209,DOCST 209
DOCST,224,DOCST 224
DOCST,236,DOCST 236
DOCST,242,DOCST 242
DOCST,274,DOCST 274
DOCST,315,DOCST 315
DOCST,344,DOCST 344
DOCST,356,DOCST 356
DOCST,357,DOCST 357
DOCST,358,DOCST 358
DOCST,367,DOCST 367
DOCST,371,DOCST 371
DOCST,480,DOCST 480
ECE,110,ECE 110
ECE,230,ECE 230
ECE,250,ECE 250
ECE,270,ECE 270
ECE,280,ECE 280
ECE,330,ECE 330
ECE,331,ECE 331
ECE,340,ECE 340
ECE,350,ECE 350
ECE,353,ECE 353
ECE,356,ECE 356
ECE,381,ECE 381
ECE,382,ECE 382
ECE,459,ECE 459
ECE,461,ECE 461
ECE,480,ECE 480
ECE,483,ECE 483
ECON,101,ECON 101
ECON,104,ECON 104
ECON,112,ECON 112
ECON,119,ECON 119
ECON,174,ECON 174
ECON,201,ECON 201
ECON,205,ECON 205
ECON,210,ECON 210
ECON,212,ECON 212
ECON,223,ECON 223
ECON,241,ECON 241
ECON,255,ECON 255
ECON,256,ECON 256
ECON,285,ECON 285
ECON,305,ECON 305
ECON,309,ECON 309
ECON,311,ECON 311
ECON,312,ECON 312
ECON,319,ECON 319
ECON,337,ECON 337
ECON,338,ECON 338
ECON,344,ECON 344
ECON,348,ECON 348
ECON,351,ECON 351
ECON,355,ECON 355
ECON,361,ECON 361
ECON,369,ECON 369
ECON,370,ECON 370
ECON,372,ECON 372
ECON,373,ECON 373
ECON,375,ECON 375
ECON,379,ECON 379
ECON,381,ECON 381
ECON,389,ECON 389
ECON,432,ECON 432
ECON,452,ECON 452
ECON,462,ECON 462
ECON,471,ECON 471
ECON,477,ECON 477
ECON,495,ECON 495
EDUC,101,EDUC 101
EDUC,111,EDUC 111
EDUC,112,EDUC 112
EDUC,113,EDUC 113
EDUC,201,EDUC 201
EDUC,209,EDUC 209
EDUC,220,EDUC 220
EDUC,234,EDUC 234
EDUC,239,EDUC 239
EDUC,240,EDUC 240
EDUC,243,EDUC 243
EDUC,244,EDUC 244
EDUC,255,EDUC 255
EDUC,275,EDUC 275
EDUC,289,EDUC 289
EDUC,345,EDUC 345
EDUC,407,EDUC 407
EDUC,408,EDUC 408
EDUC,409,EDUC 409
EDUC,430,EDUC 430
EDUC,495,EDUC 495
EDUC,89,EDUC 89
EGR,101,EGR 101
EGR,103,EGR 103
EGR,121,EGR 121
EGR,201,EGR 201
EGR,238,EGR 238
EGR,305,EGR 305
EGR,95,EGR 95
ENERGY,190,ENERGY 190
ENERGY,231,ENERGY 231
ENGLISH,110,ENGLISH 110
ENGLISH,190,ENGLISH 190
ENGLISH,202,ENGLISH 202
ENGLISH,220,ENGLISH 220
ENGLISH,221,ENGLISH 221
ENGLISH,222,ENGLISH 222
ENGLISH,224,ENGLISH 224
ENGLISH,244,ENGLISH 244
ENGLISH,247,ENGLISH 247
ENGLISH,251,ENGLISH 251
ENGLISH,269,ENGLISH 269
ENGLISH,274,ENGLISH 274
ENGLISH,276,ENGLISH 276
ENGLISH,290,ENGLISH 290
ENGLISH,320,ENGLISH 320
ENGLISH,321,ENGLISH 321
ENGLISH,336,ENGLISH 336
ENGLISH,338,ENGLISH 338
ENGLISH,373,ENGLISH 373
ENGLISH,377,ENGLISH 377
ENGLISH,379,ENGLISH 379
ENGLISH,380,ENGLISH 380
ENGLISH,390,ENGLISH 390
ENGLISH,395,ENGLISH 395
ENGLISH,421,ENGLISH 421
ENGLISH,480,ENGLISH 480
ENGLISH,490,ENGLISH 490
ENGLISH,89,ENGLISH 89
ENVIRON,102,ENVIRON 102
ENVIRON,147,ENVIRON 147
ENVIRON,148,ENVIRON 148
ENVIRON,153,ENVIRON 153
ENVIRON,201,ENVIRON 201
ENVIRON,210,ENVIRON 210
ENVIRON,223,ENVIRON 223
ENVIRON,226,ENVIRON 226
ENVIRON,228,ENVIRON 228
ENVIRON,231,ENVIRON 231
ENVIRON,265,ENVIRON 265
ENVIRON,274,ENVIRON 274
ENVIRON,276,ENVIRON 276
ENVIRON,290,ENVIRON 290
ENVIRON,310,ENVIRON 310
ENVIRON,311,ENVIRON 311
ENVIRON,315,ENVIRON 315
ENVIRON,332,ENVIRON 332
ENVIRON,338,ENVIRON 338
ENVIRON,361,ENVIRON 361
ENVIRON,461,ENVIRON 461
ENVIRON,89,ENVIRON 89
EOS,101,EOS 101
EOS,102,EOS 102
EOS,201,EOS 201
EOS,226,EOS 226
EOS,231,EOS 231
EOS,401,EOS 401
ETHICS,101,ETHICS 101
ETHICS,129,ETHICS 129
ETHICS,150,ETHICS 150
ETHICS,160,ETHICS 160
ETHICS,170,ETHICS 170
ETHICS,189,ETHICS 189
ETHICS,215,ETHICS 215
ETHICS,259,ETHICS 259
ETHICS,270,ETHICS 270
ETHICS,275,ETHICS 275
ETHICS,285,ETHICS 285
ETHICS,303,ETHICS 303
ETHICS,373,ETHICS 373
ETHICS,89,ETHICS 89
EVANTH,101,EVANTH 101
EVANTH,235,EVANTH 235
EVANTH,253,EVANTH 253
EVANTH,333,EVANTH 333
EVANTH,334,EVANTH 334
EVANTH,336,EVANTH 336
EVANTH,344,EVANTH 344
EVANTH,347,EVANTH 347
EVANTH,359,EVANTH 359
EVANTH,495,EVANTH 495
FRENCH,101,FRENCH 101
FRENCH,102,FRENCH 102
FRENCH,203,FRENCH 203
FRENCH,204,FRENCH 204
FRENCH,301,FRENCH 301
FRENCH,302,FRENCH 302
FRENCH,303,FRENCH 303
FRENCH,304,FRENCH 304
FRENCH,325,FRENCH 325
FRENCH,361,FRENCH 361
GENOME,148,GENOME 148
GENOME,222,GENOME 222
GERMAN,101,GERMAN 101
GERMAN,102,GERMAN 102
GERMAN,203,GERMAN 203
GERMAN,204,GERMAN 204
GERMAN,210,GERMAN 210
GERMAN,243,GERMAN 243
GERMAN,305,GERMAN 305
GERMAN,310,GERMAN 310
GERMAN,323,GERMAN 323
GERMAN,380,GERMAN 380
GERMAN,387,GERMAN 387
GERMAN,89,GERMAN 89
GLHLTH,101,GLHLTH 101
GLHLTH,142,GLHLTH 142
GLHLTH,153,GLHLTH 153
GLHLTH,189,GLHLTH 189
GLHLTH,196,GLHLTH 196
GLHLTH,208,GLHLTH 208
GLHLTH,210,GLHLTH 210
GLHLTH,215,GLHLTH 215
GLHLTH,216,GLHLTH 216
GLHLTH,273,GLHLTH 273
GLHLTH,275,GLHLTH 275
GLHLTH,303,GLHLTH 303
GLHLTH,321,GLHLTH 321
GLHLTH,325,GLHLTH 325
GLHLTH,326,GLHLTH 326
GLHLTH,340,GLHLTH 340
GLHLTH,353,GLHLTH 353
GLHLTH,362,GLHLTH 362
GLHLTH,371,GLHLTH 371
GLHLTH,495,GLHLTH 495
GLHLTH,499,GLHLTH 499
GREEK,101,GREEK 101
GREEK,203,GREEK 203
GREEK,328,GREEK 328
GSF,160,GSF 160
GSF,195,GSF 195
GSF,199,GSF 199
GSF,208,GSF 208
GSF,212,GSF 212
GSF,216,GSF 216
GSF,220,GSF 220
GSF,221,GSF 221
GSF,225,GSF 225
GSF,230,GSF 230
GSF,235,GSF 235
GSF,245,GSF 245
GSF,278,GSF 278
GSF,325,GSF 325
GSF,335,GSF 335
GSF,350,GSF 350
GSF,352,GSF 352
GSF,361,GSF 361
GSF,364,GSF 364
GSF,369,GSF 369
GSF,402,GSF 402
GSF,412,GSF 412
GSF,499,GSF 499
GSF,89,GSF 89
HEBREW,101,HEBREW 101
HEBREW,203,HEBREW 203
HEBREW,305,HEBREW 305
HINDI,101,HINDI 101
HINDI,203,HINDI 203
HINDI,305,HINDI 305
HINDI,407,HINDI 407
HISTORY,101,HISTORY 101
HISTORY,103,HISTORY 103
HISTORY,105,HISTORY 105
HISTORY,108,HISTORY 108
HISTORY,114,HISTORY 114
HISTORY,121,HISTORY 121
HISTORY,125,HISTORY 125
HISTORY,126,HISTORY 126
HISTORY,127,HISTORY 127
HISTORY,128,HISTORY 128
HISTORY,129,HISTORY 129
HISTORY,130,HISTORY 130
HISTORY,135,HISTORY 135
HISTORY,160,HISTORY 160
HISTORY,171,HISTORY 171
HISTORY,179,HISTORY 179
HISTORY,185,HISTORY 185
HISTORY,202,HISTORY 202
HISTORY,204,HISTORY 204
HISTORY,208,HISTORY 208
HISTORY,214,HISTORY 214
HISTORY,215,HISTORY 215
HISTORY,219,HISTORY 219
HISTORY,222,HISTORY 222
HISTORY,226,HISTORY 226
HISTORY,228,HISTORY 228
HISTORY,230,HISTORY 230
HISTORY,234,HISTORY 234
HISTORY,239,HISTORY 239
HISTORY,240,HISTORY 240
HISTORY,242,HISTORY 242
HISTORY,248,HISTORY 248
HISTORY,249,HISTORY 249
HISTORY,254,HISTORY 254
HISTORY,260,HISTORY 260
HISTORY,261,HISTORY 261
HISTORY,265,HISTORY 265
HISTORY,277,HISTORY 277
HISTORY,278,HISTORY 278
HISTORY,279,HISTORY 279
HISTORY,289,HISTORY 289
HISTORY,297,HISTORY 297
HISTORY,305,HISTORY 305
HISTORY,307,HISTORY 307
HISTORY,308,HISTORY 308
HISTORY,316,HISTORY 316
HISTORY,318,HISTORY 318
HISTORY,325,HISTORY 325
HISTORY,328,HISTORY 328
HISTORY,331,HISTORY 331
HISTORY,333,HISTORY 333
HISTORY,336,HISTORY 336
HISTORY,352,HISTORY 352
HISTORY,357,HISTORY 357
HISTORY,362,HISTORY 362
HISTORY,379,HISTORY 379
HISTORY,380,HISTORY 380
HISTORY,384,HISTORY 384
HISTORY,385,HISTORY 385
HISTORY,386,HISTORY 386
HISTORY,454,HISTORY 454
HISTORY,470,HISTORY 470
HISTORY,472,HISTORY 472
HISTORY,473,HISTORY 473
HISTORY,495,HISTORY 495
HISTORY,89,HISTORY 89
HUMANDEV,224,HUMANDEV 224
I&E,261,I&E 261
I&E,263,I&E 263
I&E,302,I&E 302
I&E,311,I&E 311
I&E,375,I&E 375
I&E,395,I&E 395
ICS,101,ICS 101
ICS,102,ICS 102
ICS,110,ICS 110
ICS,111,ICS 111
ICS,121,ICS 121
ICS,128,ICS 128
ICS,179,ICS 179
ICS,195,ICS 195
ICS,208,ICS 208
ICS,209,ICS 209
ICS,212,ICS 212
ICS,213,ICS 213
ICS,215,ICS 215
ICS,216,ICS 216
ICS,217,ICS 217
ICS,256,ICS 256
ICS,262,ICS 262
ICS,268,ICS 268
ICS,271,ICS 271
ICS,275,ICS 275
ICS,276,ICS 276
ICS,289,ICS 289
ICS,302,ICS 302
ICS,305,ICS 305
ICS,307,ICS 307
ICS,320,ICS 320
ICS,323,ICS 323
ICS,328,ICS 328
ICS,332,ICS 332
ICS,333,ICS 333
ICS,335,ICS 335
ICS,336,ICS 336
ICS,344,ICS 344
ICS,346,ICS 346
ICS,348,ICS 348
ICS,353,ICS 353
ICS,369,ICS 369
ICS,377,ICS 377
ICS,379,ICS 379
ICS,380,ICS 380
ICS,389,ICS 389
ICS,395,ICS 395
ICS,397,ICS 397
ICS,399,ICS 399
ICS,410,ICS 410
ICS,412,ICS 412
ICS,424,ICS 424
ICS,452,ICS 452
ICS,489,ICS 489
ICS,495,ICS 495
ISS,110,ISS 110
ISS,112,ISS 112
ISS,198,ISS 198
ISS,268,ISS 268
ISS,279,ISS 279
ISS,305,ISS 305
ISS,315,ISS 315
ISS,320,ISS 320
ISS,323,ISS 323
ISS,366,ISS 366
ISS,435,ISS 435
ITALIAN,101,ITALIAN 101
ITALIAN,102,ITALIAN 102
ITALIAN,112,ITALIAN 112
ITALIAN,203,ITALIAN 203
ITALIAN,220,ITALIAN 220
ITALIAN,301,ITALIAN 301
ITALIAN,388,ITALIAN 388
JEWISHST,101,JEWISHST 101
JEWISHST,148,JEWISHST 148
JEWISHST,190,JEWISHST 190
JEWISHST,203,JEWISHST 203
JEWISHST,243,JEWISHST 243
JEWISHST,258,JEWISHST 258
JEWISHST,301,JEWISHST 301
JEWISHST,305,JEWISHST 305
JEWISHST,342,JEWISHST 342
JEWISHST,369,JEWISHST 369
JPN,101,JPN 101
JPN,203,JPN 203
JPN,305,JPN 305
KICHE,101,KICHE 101
KICHE,203,KICHE 203
KOREAN,101,KOREAN 101
KOREAN,203,KOREAN 203
KOREAN,305,KOREAN 305
KOREAN,455,KOREAN 455
LATAMER,121,LATAMER 121
LATAMER,222,LATAMER 222
LATAMER,246,LATAMER 246
LATAMER,320,LATAMER 320
LATAMER,328,LATAMER 328
LATAMER,343,LATAMER 343
LATAMER,89,LATAMER 89
LATIN,101,LATIN 101
LATIN,203,LATIN 203
LATIN,251,LATIN 251
LATIN,332,LATIN 332
LATIN,368,LATIN 368
LINGUIST,201,LINGUIST 201
LINGUIST,212,LINGUIST 212
LINGUIST,216,LINGUIST 216
LINGUIST,217,LINGUIST 217
LINGUIST,301,LINGUIST 301
LINGUIST,304,LINGUIST 304
LINGUIST,451,LINGUIST 451
LIT,201,LIT 201
LIT,202,LIT 202
LIT,211,LIT 211
LIT,220,LIT 220
LIT,225,LIT 225
LIT,244,LIT 244
LIT,251,LIT 251
LIT,262,LIT 262
LIT,280,LIT 280
LIT,295,LIT 295
LIT,320,LIT 320
LIT,325,LIT 325
LIT,336,LIT 336
LIT,343,LIT 343
LIT,350,LIT 350
LIT,351,LIT 351
LIT,361,LIT 361
LIT,369,LIT 369
LIT,380,LIT 380
LIT,382,LIT 382
LIT,490,LIT 490
LIT,89,LIT 89
LSGS,306,LSGS 306
LSGS,308,LSGS 308
LSGS,336,LSGS 336
LSGS,350,LSGS 350
MATH,105,MATH 105
MATH,106,MATH 106
MATH,111,MATH 111
MATH,112,MATH 112
MATH,122,MATH 122
MATH,165,MATH 165
MATH,202,MATH 202
MATH,212,MATH 212
MATH,216,MATH 216
MATH,218,MATH 218
MATH,221,MATH 221
MATH,228,MATH 228
MATH,230,MATH 230
MATH,238,MATH 238
MATH,245,MATH 245
MATH,281,MATH 281
MATH,305,MATH 305
MATH,323,MATH 323
MATH,333,MATH 333
MATH,340,MATH 340
MATH,353,MATH 353
MATH,356,MATH 356
MATH,371,MATH 371
MATH,401,MATH 401
MATH,412,MATH 412
MATH,431,MATH 431
MATH,465,MATH 465
MATH,89,MATH 89
ME,344,ME 344
ME,426,ME 426
MEDREN,105,MEDREN 105
MEDREN,128,MEDREN 128
MEDREN,135,MEDREN 135
MEDREN,201,MEDREN 201
MEDREN,254,MEDREN 254
MEDREN,255,MEDREN 255
MEDREN,287,MEDREN 287
MEDREN,314,MEDREN 314
MEDREN,331,MEDREN 331
MEDREN,337,MEDREN 337
MEDREN,390,MEDREN 390
MEDREN,89,MEDREN 89
MGM,120,MGM 120
MGM,222,MGM 222
MGM,325,MGM 325
MILITSCI,101,MILITSCI 101
MILITSCI,201,MILITSCI 201
MILITSCI,301,MILITSCI 301
MILITSCI,401,MILITSCI 401
MILITSCI,91,MILITSCI 91
MILITSCI,93,MILITSCI 93
MMS,195,MMS 195
MMS,210,MMS 210
MMS,272,MMS 272
MMS,370,MMS 370
MMS,380,MMS 380
MMS,395,MMS 395
MMS,450,MMS 450
NAVALSCI,101,NAVALSCI 101
NAVALSCI,189,NAVALSCI 189
NAVALSCI,213,NAVALSCI 213
NAVALSCI,289,NAVALSCI 289
NAVALSCI,331,NAVALSCI 331
NAVALSCI,353,NAVALSCI 353
NAVALSCI,389,NAVALSCI 389
NAVALSCI,423,NAVALSCI 423
NAVALSCI,489,NAVALSCI 489
NEUROSCI,101,NEUROSCI 101
NEUROSCI,102,NEUROSCI 102
NEUROSCI,116,NEUROSCI 116
NEUROSCI,153,NEUROSCI 153
NEUROSCI,201,NEUROSCI 201
NEUROSCI,211,NEUROSCI 211
NEUROSCI,212,NEUROSCI 212
NEUROSCI,223,NEUROSCI 223
NEUROSCI,250,NEUROSCI 250
NEUROSCI,268,NEUROSCI 268
NEUROSCI,277,NEUROSCI 277
NEUROSCI,278,NEUROSCI 278
NEUROSCI,288,NEUROSCI 288
NEUROSCI,350,NEUROSCI 350
NEUROSCI,352,NEUROSCI 352
NEUROSCI,373,NEUROSCI 373
NEUROSCI,380,NEUROSCI 380
NEUROSCI,382,NEUROSCI 382
NEUROSCI,383,NEUROSCI 383
NEUROSCI,388,NEUROSCI 388
NEUROSCI,427,NEUROSCI 427
NEUROSCI,451,NEUROSCI 451
NEUROSCI,461,NEUROSCI 461
NEUROSCI,469,NEUROSCI 469
NEUROSCI,89,NEUROSCI 89
PERSIAN,101,PERSIAN 101
PERSIAN,203,PERSIAN 203
PHIL,101,PHIL 101
PHIL,103,PHIL 103
PHIL,110,PHIL 110
PHIL,124,PHIL 124
PHIL,150,PHIL 150
PHIL,201,PHIL 201
PHIL,203,PHIL 203
PHIL,211,PHIL 211
PHIL,246,PHIL 246
PHIL,263,PHIL 263
PHIL,270,PHIL 270
PHIL,286,PHIL 286
PHIL,312,PHIL 312
PHIL,345,PHIL 345
PHIL,465,PHIL 465
PHIL,89,PHIL 89
PHYSEDU,104,PHYSEDU 104
PHYSEDU,105,PHYSEDU 105
PHYSEDU,106,PHYSEDU 106
PHYSEDU,109,PHYSEDU 109
PHYSEDU,110,PHYSEDU 110
PHYSEDU,112,PHYSEDU 112
PHYSEDU,113,PHYSEDU 113
PHYSEDU,116,PHYSEDU 116
PHYSEDU,117,PHYSEDU 117
PHYSEDU,122,PHYSEDU 122
PHYSEDU,124,PHYSEDU 124
PHYSEDU,131,PHYSEDU 131
PHYSEDU,132,PHYSEDU 132
PHYSEDU,133,PHYSEDU 133
PHYSEDU,143,PHYSEDU 143
PHYSEDU,144,PHYSEDU 144
PHYSEDU,150,PHYSEDU 150
PHYSEDU,160,PHYSEDU 160
PHYSEDU,165,PHYSEDU 165
PHYSEDU,167,PHYSEDU 167
PHYSEDU,170,PHYSEDU 170
PHYSEDU,171,PHYSEDU 171
PHYSEDU,203,PHYSEDU 203
PHYSEDU,207,PHYSEDU 207
PHYSEDU,212,PHYSEDU 212
PHYSEDU,224,PHYSEDU 224
PHYSEDU,240,PHYSEDU 240
PHYSEDU,241,PHYSEDU 241
PHYSEDU,89,PHYSEDU 89
PHYSICS,134,PHYSICS 134
PHYSICS,136,PHYSICS 136
PHYSICS,141,PHYSICS 141
PHYSICS,142,PHYSICS 142
PHYSICS,152,PHYSICS 152
PHYSICS,161,PHYSICS 161
PHYSICS,162,PHYSICS 162
PHYSICS,164,PHYSICS 164
PHYSICS,165,PHYSICS 165
PHYSICS,174,PHYSICS 174
PHYSICS,264,PHYSICS 264
PHYSICS,320,PHYSICS 320
PHYSICS,362,PHYSICS 362
PHYSICS,414,PHYSICS 414
PHYSICS,417,PHYSICS 417
PHYSICS,464,PHYSICS 464
PHYSICS,89,PHYSICS 89
PJMS,112,PJMS 112
PJMS,135,PJMS 135
PJMS,365,PJMS 365
PJMS,366,PJMS 366
PJMS,367,PJMS 367
PJMS,371,PJMS 371
PJMS,375,PJMS 375
PJMS,397,PJMS 397
PJMS,410,PJMS 410
POLISH,101,POLISH 101
POLSCI,105,POLSCI 105
POLSCI,108,POLSCI 108
POLSCI,110,POLSCI 110
POLSCI,120,POLSCI 120
POLSCI,145,POLSCI 145
POLSCI,150,POLSCI 150
POLSCI,159,POLSCI 159
POLSCI,160,POLSCI 160
POLSCI,170,POLSCI 170
POLSCI,176,POLSCI 176
POLSCI,189,POLSCI 189
POLSCI,195,POLSCI 195
POLSCI,203,POLSCI 203
POLSCI,205,POLSCI 205
POLSCI,211,POLSCI 211
POLSCI,213,POLSCI 213
POLSCI,221,POLSCI 221
POLSCI,229,POLSCI 229
POLSCI,231,POLSCI 231
POLSCI,232,POLSCI 232
POLSCI,233,POLSCI 233
POLSCI,235,POLSCI 235
POLSCI,236,POLSCI 236
POLSCI,238,POLSCI 238
POLSCI,242,POLSCI 242
POLSCI,258,POLSCI 258
POLSCI,262,POLSCI 262
POLSCI,273,POLSCI 273
POLSCI,275,POLSCI 275
POLSCI,279,POLSCI 279
POLSCI,301,POLSCI 301
POLSCI,303,POLSCI 303
POLSCI,310,POLSCI 310
POLSCI,315,POLSCI 315
POLSCI,317,POLSCI 317
POLSCI,319,POLSCI 319
POLSCI,322,POLSCI 322
POLSCI,326,POLSCI 326
POLSCI,327,POLSCI 327
POLSCI,331,POLSCI 331
POLSCI,333,POLSCI 333
POLSCI,335,POLSCI 335
POLSCI,337,POLSCI 337
POLSCI,338,POLSCI 338
POLSCI,359,POLSCI 359
POLSCI,371,POLSCI 371
POLSCI,378,POLSCI 378
POLSCI,379,POLSCI 379
POLSCI,381,POLSCI 381
POLSCI,390,POLSCI 390
POLSCI,402,POLSCI 402
POLSCI,435,POLSCI 435
POLSCI,449,POLSCI 449
POLSCI,468,POLSCI 468
POLSCI,89,POLSCI 89
PORTUGUE,101,PORTUGUE 101
PORTUGUE,203,PORTUGUE 203
PORTUGUE,301,PORTUGUE 301
PSY,101,PSY 101
PSY,102,PSY 102
PSY,103,PSY 103
PSY,104,PSY 104
PSY,105,PSY 105
PSY,106,PSY 106
PSY,107,PSY 107
PSY,141,PSY 141
PSY,196,PSY 196
PSY,202,PSY 202
PSY,207,PSY 207
PSY,209,PSY 209
PSY,212,PSY 212
PSY,214,PSY 214
PSY,215,PSY 215
PSY,220,PSY 220
PSY,223,PSY 223
PSY,226,PSY 226
PSY,240,PSY 240
PSY,257,PSY 257
PSY,275,PSY 275
PSY,276,PSY 276
PSY,277,PSY 277
PSY,279,PSY 279
PSY,280,PSY 280
PSY,288,PSY 288
PSY,302,PSY 302
PSY,303,PSY 303
PSY,309,PSY 309
PSY,316,PSY 316
PSY,319,PSY 319
PSY,326,PSY 326
PSY,337,PSY 337
PSY,375,PSY 375
PSY,425,PSY 425
PSY,435,PSY 435
PSY,451,PSY 451
PSY,453,PSY 453
PSY,461,PSY 461
PSY,469,PSY 469
PSY,474,PSY 474
PSY,89,PSY 89
PUBPOL,110,PUBPOL 110
PUBPOL,155,PUBPOL 155
PUBPOL,160,PUBPOL 160
PUBPOL,165,PUBPOL 165
PUBPOL,166,PUBPOL 166
PUBPOL,167,PUBPOL 167
PUBPOL,170,PUBPOL 170
PUBPOL,178,PUBPOL 178
PUBPOL,181,PUBPOL 181
PUBPOL,182,PUBPOL 182
PUBPOL,183,PUBPOL 183
PUBPOL,185,PUBPOL 185
PUBPOL,186,PUBPOL 186
PUBPOL,187,PUBPOL 187
PUBPOL,196,PUBPOL 196
PUBPOL,199,PUBPOL 199
PUBPOL,206,PUBPOL 206
PUBPOL,213,PUBPOL 213
PUBPOL,214,PUBPOL 214
PUBPOL,220,PUBPOL 220
PUBPOL,223,PUBPOL 223
PUBPOL,232,PUBPOL 232
PUBPOL,242,PUBPOL 242
PUBPOL,243,PUBPOL 243
PUBPOL,250,PUBPOL 250
PUBPOL,256,PUBPOL 256
PUBPOL,257,PUBPOL 257
PUBPOL,259,PUBPOL 259
PUBPOL,260,PUBPOL 260
PUBPOL,265,PUBPOL 265
PUBPOL,270,PUBPOL 270
PUBPOL,282,PUBPOL 282
PUBPOL,284,PUBPOL 284
PUBPOL,285,PUBPOL 285
PUBPOL,288,PUBPOL 288
PUBPOL,290,PUBPOL 290
PUBPOL,301,PUBPOL 301
PUBPOL,302,PUBPOL 302
PUBPOL,303,PUBPOL 303
PUBPOL,304,PUBPOL 304
PUBPOL,306,PUBPOL 306
PUBPOL,313,PUBPOL 313
PUBPOL,317,PUBPOL 317
PUBPOL,327,PUBPOL 327
PUBPOL,330,PUBPOL 330
PUBPOL,343,PUBPOL 343
PUBPOL,363,PUBPOL 363
PUBPOL,365,PUBPOL 365
PUBPOL,366,PUBPOL 366
PUBPOL,367,PUBPOL 367
PUBPOL,371,PUBPOL 371
PUBPOL,377,PUBPOL 377
PUBPOL,397,PUBPOL 397
PUBPOL,410,PUBPOL 410
PUBPOL,415,PUBPOL 415
PUBPOL,496,PUBPOL 496
RELIGION,101,RELIGION 101
RELIGION,110,RELIGION 110
RELIGION,120,RELIGION 120
RELIGION,155,RELIGION 155
RELIGION,181,RELIGION 181
RELIGION,190,RELIGION 190
RELIGION,213,RELIGION 213
RELIGION,237,RELIGION 237
RELIGION,240,RELIGION 240
RELIGION,247,RELIGION 247
RELIGION,263,RELIGION 263
RELIGION,266,RELIGION 266
RELIGION,270,RELIGION 270
RELIGION,283,RELIGION 283
RELIGION,301,RELIGION 301
RELIGION,328,RELIGION 328
RELIGION,342,RELIGION 342
RELIGION,373,RELIGION 373
RELIGION,377,RELIGION 377
RELIGION,399,RELIGION 399
RIGHTS,111,RIGHTS 111
RIGHTS,112,RIGHTS 112
RIGHTS,113,RIGHTS 113
RIGHTS,148,RIGHTS 148
RIGHTS,201,RIGHTS 201
RIGHTS,204,RIGHTS 204
RIGHTS,205,RIGHTS 205
RIGHTS,221,RIGHTS 221
RIGHTS,235,RIGHTS 235
RIGHTS,236,RIGHTS 236
RIGHTS,245,RIGHTS 245
RIGHTS,297,RIGHTS 297
RIGHTS,305,RIGHTS 305
RIGHTS,316,RIGHTS 316
RIGHTS,319,RIGHTS 319
RIGHTS,323,RIGHTS 323
RIGHTS,325,RIGHTS 325
RIGHTS,328,RIGHTS 328
RIGHTS,330,RIGHTS 330
RIGHTS,331,RIGHTS 331
RIGHTS,339,RIGHTS 339
RIGHTS,345,RIGHTS 345
RIGHTS,352,RIGHTS 352
RIGHTS,361,RIGHTS 361
RIGHTS,369,RIGHTS 369
RIGHTS,371,RIGHTS 371
RIGHTS,387,RIGHTS 387
RIGHTS,395,RIGHTS 395
ROMST,206,ROMST 206
ROMST,217,ROMST 217
ROMST,350,ROMST 350
ROMST,388,ROMST 388
ROMST,89,ROMST 89
RUSSIAN,101,RUSSIAN 101
RUSSIAN,121,RUSSIAN 121
RUSSIAN,203,RUSSIAN 203
RUSSIAN,301,RUSSIAN 301
RUSSIAN,310,RUSSIAN 310
RUSSIAN,325,RUSSIAN 325
RUSSIAN,351,RUSSIAN 351
RUSSIAN,399,RUSSIAN 399
RUSSIAN,401,RUSSIAN 401
RUSSIAN,89,RUSSIAN 89
SCISOC,112,SCISOC 112
SCISOC,153,SCISOC 153
SCISOC,165,SCISOC 165
SCISOC,189,SCISOC 189
SCISOC,196,SCISOC 196
SCISOC,197,SCISOC 197
SCISOC,199,SCISOC 199
SCISOC,212,SCISOC 212
SCISOC,260,SCISOC 260
SCISOC,417,SCISOC 417
SES,270,SES 270
SES,375,SES 375
SES,385,SES 385
SES,388,SES 388
SOCIOL,110,SOCIOL 110
SOCIOL,176,SOCIOL 176
SOCIOL,179,SOCIOL 179
SOCIOL,195,SOCIOL 195
SOCIOL,196,SOCIOL 196
SOCIOL,197,SOCIOL 197
SOCIOL,202,SOCIOL 202
SOCIOL,210,SOCIOL 210
SOCIOL,218,SOCIOL 218
SOCIOL,224,SOCIOL 224
SOCIOL,250,SOCIOL 250
SOCIOL,258,SOCIOL 258
SOCIOL,264,SOCIOL 264
SOCIOL,265,SOCIOL 265
SOCIOL,295,SOCIOL 295
SOCIOL,331,SOCIOL 331
SOCIOL,332,SOCIOL 332
SOCIOL,333,SOCIOL 333
SOCIOL,338,SOCIOL 338
SOCIOL,339,SOCIOL 339
SOCIOL,341,SOCIOL 341
SOCIOL,343,SOCIOL 343
SOCIOL,344,SOCIOL 344
SOCIOL,345,SOCIOL 345
SOCIOL,346,SOCIOL 346
SOCIOL,351,SOCIOL 351
SOCIOL,355,SOCIOL 355
SOCIOL,359,SOCIOL 359
SOCIOL,360,SOCIOL 360
SOCIOL,361,SOCIOL 361
SOCIOL,367,SOCIOL 367
SOCIOL,388,SOCIOL 388
SOCIOL,430,SOCIOL 430
SOCIOL,490,SOCIOL 490
SOCIOL,495,SOCIOL 495
SOCIOL,89,SOCIOL 89
SPANISH,101,SPANISH 101
SPANISH,102,SPANISH 102
SPANISH,203,SPANISH 203
SPANISH,204,SPANISH 204
SPANISH,205,SPANISH 205
SPANISH,272,SPANISH 272
SPANISH,301,SPANISH 301
SPANISH,302,SPANISH 302
SPANISH,303,SPANISH 303
SPANISH,306,SPANISH 306
SPANISH,308,SPANISH 308
SPANISH,313,SPANISH 313
SPANISH,327,SPANISH 327
SPANISH,331,SPANISH 331
SPANISH,332,SPANISH 332
SPANISH,336,SPANISH 336
SPANISH,434,SPANISH 434
STA,101,STA 101
STA,102,STA 102
STA,199,STA 199
STA,210,STA 210
STA,230,STA 230
STA,231,STA 231
STA,240,STA 240
STA,325,STA 325
STA,360,STA 360
STA,440,STA 440
STA,465,STA 465
STA,470,STA 470
SUSTAIN,276,SUSTAIN 276
SXL,160,SXL 160
SXL,235,SXL 235
SXL,264,SXL 264
SXL,278,SXL 278
SXL,295,SXL 295
SXL,89,SXL 89
THEATRST,115,THEATRST 115
THEATRST,145,THEATRST 145
THEATRST,202,THEATRST 202
THEATRST,210,THEATRST 210
THEATRST,227,THEATRST 227
THEATRST,236,THEATRST 236
THEATRST,243,THEATRST 243
THEATRST,246,THEATRST 246
THEATRST,247,THEATRST 247
THEATRST,249,THEATRST 249
THEATRST,261,THEATRST 261
THEATRST,277,THEATRST 277
THEATRST,279,THEATRST 279
THEATRST,285,THEATRST 285
THEATRST,311,THEATRST 311
THEATRST,334,THEATRST 334
THEATRST,336,THEATRST 336
THEATRST,345,THEATRST 345
THEATRST,350,THEATRST 350
THEATRST,351,THEATRST 351
THEATRST,370,THEATRST 370
THEATRST,89,THEATRST 89
TURKISH,101,TURKISH 101
TURKISH,203,TURKISH 203
TURKISH,305,TURKISH 305
URDU,101,URDU 101
VMS,103,VMS 103
VMS,106,VMS 106
VMS,115,VMS 115
VMS,131,VMS 131
VMS,198,VMS 198
VMS,202,VMS 202
VMS,204,VMS 204
VMS,205,VMS 205
VMS,206,VMS 206
VMS,207,VMS 207
VMS,212,VMS 212
VMS,227,VMS 227
VMS,230,VMS 230
VMS,231,VMS 231
VMS,233,VMS 233
VMS,237,VMS 237
VMS,240,VMS 240
VMS,242,VMS 242
VMS,258,VMS 258
VMS,261,VMS 261
VMS,265,VMS 265
VMS,266,VMS 266
VMS,267,VMS 267
VMS,271,VMS 271
VMS,273,VMS 273
VMS,281,VMS 281
VMS,304,VMS 304
VMS,305,VMS 305
VMS,309,VMS 309
VMS,316,VMS 316
VMS,323,VMS 323
VMS,325,VMS 325
VMS,326,VMS 326
VMS,332,VMS 332
VMS,338,VMS 338
VMS,346,VMS 346
VMS,362,VMS 362
VMS,363,VMS 363
VMS,366,VMS 366
VMS,497,VMS 497
VMS,89,VMS 89
WRITING,182,WRITING 182
WRITING,255,WRITING 255
WRITING,89,WRITING 89
,, 
,, 
,, 
,, 
,, 
,, 
,, 
,, 
,, 
,, 
,, 
,, 
,, 
,, 
,, 
,, 
,, 
,, 
,, 
,, 
,, 
,, 
,, 
,, 
,, 